﻿pos_x,pos_y,rotation,side,designator,mpn,pack,footprint,value,mount_type
183.8,-120.2,-90.0,top,C1,,,C_0402_1005Metric_Pad0.74x0.62mm_HandSolder,0.1u,smt
165.605113,-111.0,180.0,top,C2,,,CP_Radial_D5.0mm_P2.50mm,1u,tht
176.2,-108.4,180.0,top,C3,,,C_Elec_8x10.2,220u,smt
162.994888,-118.4,0.0,top,C4,,,CP_Radial_D5.0mm_P2.50mm,1u,tht
200.4,-119.4,90.0,top,C7,,,C_Elec_8x10.2,220u,smt
200.4,-128.6,0.0,top,D1,,,D_2010_5025Metric_Pad1.52x2.65mm_HandSolder,SS34,smt
211.4,-93.9875,90.0,top,J1,,None,JST_B4B-EH-A,B4B-EH-A,tht
211.4,-107.35,90.0,top,J2,,None,JST_B4B-EH-A,B4B-EH-A,tht
175.27,-126.6,90.0,top,L1,,,INDM125125X600N,100u,smt
209.6,-120.26,90.0,top,P1,,None,TE_282837-2,282837-2,tht
183.8,-117.6,90.0,top,R1,,,R_0402_1005Metric_Pad0.72x0.64mm_HandSolder,330,smt
179.08,-116.4,0.0,top,RV1,,,Potentiometer_Bourns_3296W_Vertical,10k,tht
165.345,-130.14,90.0,top,U1,,,TO-220-3_Vertical,LM7805_TO220,tht
173.56,-90.6,-90.0,top,U2,,,stm32 blackpill,~,smt
121.6,-112.1,0.0,top,U3,,,MPU6050,~,smt
193.4,-88.4475,90.0,top,U4,,None,MODULE_A4988_STEPPER_MOTOR_DRIVER_CARRIER,A4988_STEPPER_MOTOR_DRIVER_CARRIER,tht
151.12,-114.12,-90.0,top,U5,,,ICN20948,~,smt
193.25,-104.7975,90.0,top,U6,,None,MODULE_A4988_STEPPER_MOTOR_DRIVER_CARRIER,A4988_STEPPER_MOTOR_DRIVER_CARRIER,tht
144.15,-132.4,180.0,top,U7,,,segway_pinout,~,smt
190.0,-125.1175,-90.0,top,VR1,,TO-263-6 National Semiconductor,TO170P1524X483-6N,LM2596S,smt
