﻿Designator,Quantity,Value,Footprint,Package,MPN,DNP,Mount_Type,Description,MF,MAXIMUM_PACKAGE_HEIGHT,Price,Check_prices,STANDARD,SnapEDA_Link,MP,Description_1,MANUFACTURER,Availability,SNAPEDA_PN,Comment,DESCRIPTION,PRICE,PARTREV,AVAILABILITY,SNAPEDA_PACKAGE_ID
C1,1,0.1u,C_0402_1005Metric_Pad0.74x0.62mm_HandSolder,,,,smt,,,,,,,,,,,,,,,,,,
"C2, C4",2,1u,CP_Radial_D5.0mm_P2.50mm,,,,tht,Polarized capacitor,,,,,,,,,,,,,,,,,
"C3, C7",2,220u,C_Elec_8x10.2,,,,smt,Polarized capacitor,,,,,,,,,,,,,,,,,
D1,1,SS34,D_2010_5025Metric_Pad1.52x2.65mm_HandSolder,,,,smt,Schottky diode,,,,,,,,,,,,,,,,,
"J1, J2",2,B4B-EH-A,JST_B4B-EH-A,None,,,tht,,JST,6mm,None,https://www.snapeda.com/parts/B4B-EH-A/JST/view-part/?ref=eda,Manufacturer Recommendations,https://www.snapeda.com/parts/B4B-EH-A/JST/view-part/?ref=snap,B4B-EH-A,"
                        
                            Connector Header Through Hole 4 position 0.098 (2.50mm)
                        
",JST,In Stock,B4B-EH-A,,,,,,
L1,1,100u,INDM125125X600N,,,,smt,Inductor,,,,,,,,,,,,,,,,,
P1,1,282837-2,TE_282837-2,None,,,tht,,TE Connectivity,,None,https://www.snapeda.com/parts/282837-2/TE+Connectivity+AMP+Connectors/view-part/?ref=eda,,https://www.snapeda.com/parts/282837-2/TE+Connectivity+AMP+Connectors/view-part/?ref=snap,282837-2,"
                        
                            Terminal Block Connector Wire Receptacle 2 5.08 mm 30-16 AWG Green 13.5 A 250 V | TE Connectivity 282837-2
                        
",,In Stock,,282837-2,TERMINAL BLOCK 3.5MM 2POS PCB,0.28 USD,G3,Good,
R1,1,330,R_0402_1005Metric_Pad0.72x0.64mm_HandSolder,,,,smt,,,,,,,,,,,,,,,,,,
RV1,1,10k,Potentiometer_Bourns_3296W_Vertical,,,,tht,Potentiometer,,,,,,,,,,,,,,,,,
U1,1,LM7805_TO220,TO-220-3_Vertical,,,,tht,"Positive 1A 35V Linear Regulator, Fixed Output 5V, TO-220",,,,,,,,,,,,,,,,,
U2,1,~,stm32 blackpill,,,,smt,,,,,,,,,,,,,,,,,,
U3,1,~,MPU6050,,,,smt,,,,,,,,,,,,,,,,,,
"U4, U6",2,A4988_STEPPER_MOTOR_DRIVER_CARRIER,MODULE_A4988_STEPPER_MOTOR_DRIVER_CARRIER,None,,,tht,,Pololu,,None,https://www.snapeda.com/parts/A4988%20STEPPER%20MOTOR%20DRIVER%20CARRIER/Pololu/view-part/?ref=eda,,https://www.snapeda.com/parts/A4988%20STEPPER%20MOTOR%20DRIVER%20CARRIER/Pololu/view-part/?ref=snap,A4988 STEPPER MOTOR DRIVER CARRIER,"
                        
                            Stepper Motor Driver
                        
",,Not in stock,,,Stepper motor controler; IC: A4988; 1A; Uin mot: 8÷35V,None,,Unavailable,
U5,1,~,ICN20948,,,,smt,,,,,,,,,,,,,,,,,,
U7,1,~,segway_pinout,,,,smt,,,,,,,,,,,,,,,,,,
VR1,1,LM2596S,TO170P1524X483-6N,TO-263-6 National Semiconductor,,,smt,,Texas,4.83 mm,None,https://www.snapeda.com/parts/LM2596S-5.0/Texas+Instruments/view-part/?ref=eda,IPC-7351B,https://www.snapeda.com/parts/LM2596S-5.0/Texas+Instruments/view-part/?ref=snap,LM2596S-5.0,"
                        
                            SIMPLE SWITCHER® 4.5V to 40V, 3A Low Component Count Step-Down Regulator 5-DDPAK/TO-263 
                        
",Texas Instruments,In Stock,,,,,E,,102658
